<?xml version="1.0" encoding="UTF-8" ?>
<!DOCTYPE mapper PUBLIC "-//mybatis.org//DTD Mapper 3.0//EN"
        "http://mybatis.org/dtd/mybatis-3-mapper.dtd">
<mapper namespace="com.zhiyou.bd17.bi.dao.HotelRoomTypeRateDao">
    <resultMap id="hotelRoomTypeRate" type="com.zhiyou.bd17.bi.domain.HotelRoomTypeRate">
        <id property="rrId" column="rr_id"></id>
        <result property="dateMonth" column="date_month"></result>
        <result property="hotelId" column="hotel_id"></result>
        <result property="hotelName" column="hotel_name"></result>
        <result property="roomTypeId" column="room_type_id"></result>
        <result property="roomtypeName" column="roomtype_name"></result>
        <result property="roomNum" column="room_num"></result>
        <result property="bookNum" column="book_num"></result>
        <result property="checkinNum" column="checkin_num"></result>
    </resultMap>

    <select id="findAll" resultMap="hotelRoomTypeRate">
        select *
        from st_hotel_roomtype_rate
    </select>
</mapper>